review,sentiment
The product stopped working quickly,negative
Very satisfied with my purchase,positive
Poor packaging and late delivery,negative
I regret buying this product,negative
Superb performance and build quality,positive
Very bad experience with this product,negative
Fantastic quality and design,positive
Superb performance and build quality,positive
"I love this product, works perfectly",positive
Waste of money,negative
The product stopped working quickly,negative
Great value for money,positive
Excellent product and very useful,positive
Very bad experience with this product,negative
Waste of money,negative
Fantastic quality and design,positive
Superb performance and build quality,positive
Completely disappointed with the quality,negative
Poor packaging and late delivery,negative
Amazing experience and great support,positive
Waste of money,negative
Great value for money,positive
Highly recommended product,positive
Very poor quality material,negative
Very bad experience with this product,negative
Excellent product and very useful,positive
Superb performance and build quality,positive
The item broke after one use,negative
Great quality and fast delivery,positive
Very satisfied with my purchase,positive
Great quality and fast delivery,positive
Terrible customer support,negative
Fantastic quality and design,positive
The product stopped working quickly,negative
Terrible customer support,negative
Very durable and reliable,positive
Fantastic quality and design,positive
Very satisfied with my purchase,positive
"I love this product, works perfectly",positive
Very durable and reliable,positive
"I love this product, works perfectly",positive
Fantastic quality and design,positive
Not worth the price,negative
The product stopped working quickly,negative
Great value for money,positive
Terrible customer support,negative
Great value for money,positive
Not worth the price,negative
Highly recommended product,positive
Very durable and reliable,positive
The item broke after one use,negative
"I love this product, works perfectly",positive
I regret buying this product,negative
Terrible customer support,negative
Amazing experience and great support,positive
Amazing experience and great support,positive
Not worth the price,negative
Highly recommended product,positive
Great quality and fast delivery,positive
Superb performance and build quality,positive
Poor packaging and late delivery,negative
Great value for money,positive
Not worth the price,negative
"I love this product, works perfectly",positive
Highly recommended product,positive
Superb performance and build quality,positive
The product stopped working quickly,negative
"I love this product, works perfectly",positive
I regret buying this product,negative
Completely disappointed with the quality,negative
The product stopped working quickly,negative
"I love this product, works perfectly",positive
Very poor quality material,negative
Not worth the price,negative
Very durable and reliable,positive
Great quality and fast delivery,positive
Very poor quality material,negative
Amazing experience and great support,positive
Very satisfied with my purchase,positive
I regret buying this product,negative
Superb performance and build quality,positive
Very durable and reliable,positive
Very poor quality material,negative
Fantastic quality and design,positive
Fantastic quality and design,positive
Completely disappointed with the quality,negative
The product stopped working quickly,negative
The item broke after one use,negative
"I love this product, works perfectly",positive
Superb performance and build quality,positive
The product stopped working quickly,negative
Very durable and reliable,positive
Very durable and reliable,positive
Superb performance and build quality,positive
Great value for money,positive
Not worth the price,negative
Completely disappointed with the quality,negative
Completely disappointed with the quality,negative
Highly recommended product,positive
Great quality and fast delivery,positive
The item broke after one use,negative
Highly recommended product,positive
Fantastic quality and design,positive
Excellent product and very useful,positive
Highly recommended product,positive
The item broke after one use,negative
The product stopped working quickly,negative
Fantastic quality and design,positive
Waste of money,negative
Great quality and fast delivery,positive
Highly recommended product,positive
Very durable and reliable,positive
Superb performance and build quality,positive
Fantastic quality and design,positive
"I love this product, works perfectly",positive
Amazing experience and great support,positive
Not worth the price,negative
I regret buying this product,negative
"I love this product, works perfectly",positive
Excellent product and very useful,positive
